<?xml version="1.0" encoding="UTF-8"?>
<project-private xmlns="http://www.netbeans.org/ns/project-private/1">
    <editor-bookmarks xmlns="http://www.netbeans.org/ns/editor-bookmarks/2" lastBookmarkId="0"/>
    <open-files xmlns="http://www.netbeans.org/ns/projectui-open-files/2">
        <group>
            <file>file:/C:/Users/franc/OneDrive/Documentos/NetBeansProjects/ProyectoempleadosDes/Proyectoempleados/src/proyectoempleados/Clases/CalculadoraPlanilla.java</file>
            <file>file:/C:/Users/franc/OneDrive/Documentos/NetBeansProjects/ProyectoempleadosDes/Proyectoempleados/src/proyectoempleados/registroPlanillas.java</file>
            <file>file:/C:/Users/franc/OneDrive/Documentos/NetBeansProjects/ProyectoempleadosDes/Proyectoempleados/src/proyectoempleados/Clases/Empleados.java</file>
            <file>file:/C:/Users/franc/OneDrive/Documentos/NetBeansProjects/ProyectoempleadosDes/Proyectoempleados/src/proyectoempleados/Modulouno.java</file>
            <file>file:/C:/Users/franc/OneDrive/Documentos/NetBeansProjects/ProyectoempleadosDes/Proyectoempleados/src/proyectoempleados/Consultar.java</file>
            <file>file:/C:/Users/franc/OneDrive/Documentos/NetBeansProjects/ProyectoempleadosDes/Proyectoempleados/src/proyectoempleados/Agregar.java</file>
            <file>file:/C:/Users/franc/OneDrive/Documentos/NetBeansProjects/ProyectoempleadosDes/Proyectoempleados/src/proyectoempleados/planillaCalculada.java</file>
        </group>
    </open-files>
</project-private>
